venueID,venueName,barangayAddress,cityAddress,maxCapacity,venueCategory,events,availabilityDays,availabilityTIme,amenities,Services,pwdFriendly,priceRange,contactEmail,contactNum,venueManagerLname,venueManagerFname,facebookLink,instagramLink,websiteLink,bookingMethods,advancedBooking,paymentMethods,gmaps,publicTranspo,routes,landmarks
1,Sans Hotel at Luxebridge Suites Davao,"Bugac, Don Julian Rodriguez Sr. Ave","Talomo, Davao City",100,1,1,Everyday,Afternoon,"Wi-Fi, Air Conditioning, Security, Parking Spaces, Stage, Sound System, Technical Equipments (Projector, and lighting equipment), Catering/Food, Restrooms","Equipment rentals, Decoration services, On-site staff, Technical support",No,"PHP 15,000 - PHP 20,000",,282498745,,,,,https://www.reddoorz.com/en-ph/hotel/philippines/davao-city/davao/the-luxebridge-suites,"Walk-in (On the counter booking), Phone call, Third-party event planner",1 week before,"Cash, Bank Transfer, GCash/PayMaya, Credit/Debit Card, Bank Checks","https://www.google.com/maps/place/Sans+Hotel+at+Luxebridge+Suites+Davao/@7.0719119,125.5666709,14z/data=!4m9!3m8!1s0x32f96d5d116a0701:0xb0444a4fe45e417f!5m2!4m1!1i2!8m2!3d7.0772971!4d125.5833857!16s%2Fg%2F11nxvj218m?entry=ttu&g_ep=EgoyMDI1MDMzMS4wIKXMDSoASAFQAw%3D%3D","Bus, Jeepney, Tricycle",MA-A,Midland Village
,,,,,2,2,,,,,,,,,,,,,,,,,,,,
,,,,,,3,,,,,,,,,,,,,,,,,,,,
,,,,,,4,,,,,,,,,,,,,,,,,,,,
2,Acacia Hotel,JP Laurel Avenue,"Lanang, Davao City",300,1,1,Everyday,"Morning, Afternoon, Evening","Air Conditioning, Parking Spaces, Stage, Sound System, Technical Equipments (Projector, and lighting equipment), Catering/Food, Restrooms","Event planning, Equipment rentals, Decoration services, On-site staff, Technical support",No,"Above PHP 20,000",enquiry@acaciahotelsdavao.com,9822988088,Karla,Valentina,,,https://acaciahotelsdavao.com/,"Walk-in (On the counter booking), Phone call, Online booking",1-3 days before,"Cash, Bank Transfer, Credit/Debit Card",https://g.co/kgs/4W247JP,Jeepney,SASA,SM Lanang
,,,,,2,2,,,,,,,,,,,,,,,,,,,,
,,,,,,4,,,,,,,,,,,,,,,,,,,,
3,Casa de Negro Function Hall,Crossing Bayabas,"Toril, Davao City",100,1,1,Everyday,"Afternoon, Evening","Wi-Fi, Air Conditioning, Parking Spaces, Sound System, Technical Equipments (Projector, and lighting equipment), Catering/Food, Restrooms","Equipment rentals, Decoration services, On-site staff",No,"PHP 15,000 - PHP 20,000",,9397680549,Lizardo,Negro,https://www.facebook.com/p/Casa-De-Negro-100075963516179/,,,"Walk-in (On the counter booking), Phone call, Online booking",1-3 days before,"Cash, Credit/Debit Card","https://www.google.com/maps/dir//2FCV%2B8RG,+Toril,+Davao+City,+Davao+del+Sur/@7.020807,125.4121827,12z/data=!4m8!4m7!1m0!1m5!1m1!1s0x32f90d59c34cf685:0x3e12879c6df16e5d!2m2!1d125.4945841!2d7.0208145?hl=en-PH&entry=ttu&g_ep=EgoyMDI1MDQwMi4xIKXMDSoASAFQAw%3D%3D",Jeepney,TORIL,Toril Park
,,,,,2,2,,,,,,,,,,,,,,,,,,,,
,,,,,4,4,,,,,,,,,,,,,,,,,,,,
,,,,,,7,,,,,,,,,,,,,,,,,,,,
,,,,,,8,,,,,,,,,,,,,,,,,,,,
4,The Bloom Cafe & Start-up Space,"Ecoland Subdivision Basketball Court, Corner Walnut Street &, Ecoland Dr","Talomo, Davao City",30,2,3,Everyday,"Morning, Afternoon, Evening","Wi-Fi, Air Conditioning, Sound System, Technical Equipments (Projector, and lighting equipment), Catering/Food, Restrooms","Equipment rentals, On-site staff",No,"Below PHP 5,000",,9087719203,,,https://web.facebook.com/thebloomcafe,,https://thebloomcoffee.com.ph/contact-us/,"Phone call, Online booking",1-3 days before,"Cash, Credit/Debit Card","http://google.com/maps/dir//The+Bloom+Coffee+%26+Start-Up+Space+Ecoland+Subdivision+Basketball+Court+Corner+Walnut+Street+%26,+Ecoland+Dr+Talomo,+Davao+City,+8000+Davao+del+Sur/@7.0501082,125.596419,17z/data=!4m5!4m4!1m0!1m2!1m1!1s0x32f9735e080d641b:0x7088eed66b13584d","Jeepney, Tricycle","MINTAL, ECOLAND",SM City Ecoland
,,,,,4,4,,,,,,,,,,,,,,,,,,,,
,,,,,,7,,,,,,,,,,,,,,,,,,,,
5,Cacao Culture,"512 Mangga, Juna Subdivision","Matina, Davao City",50,2,3,Everyday,"Morning, Afternoon, Evening","Wi-Fi, Air Conditioning, Sound System, Technical Equipments (Projector, and lighting equipment), Catering/Food, Restrooms","Equipment rentals, On-site staff, Technical support",No,"PHP 10,000 - 15,000",,9913666575,,,https://www.facebook.com/cacaocultureph/,,cacaoculture.ph,"Walk-in (On the counter booking), Phone call, Online booking",1-3 days before,"Cash, Credit/Debit Card","https://www.google.com/maps?sca_esv=e57be8d4a7536ff6&uact=5&gs_lp=Egxnd3Mtd2l6LXNlcnAiEmNhY2FvIGN1bHR1cmUganVuYTILEC4YgAQYxwEYrwEyBhAAGBYYHjIGEAAYFhgeMgIQJjILEAAYgAQYhgMYigUyCxAAGIAEGIYDGIoFMgsQABiABBiGAxiKBTILEAAYgAQYhgMYigUyCBAAGIAEGKIEMggQABiABBiiBDIaEC4YgAQYxwEYrwEYlwUY3AQY3gQY4ATYAQFI0w9QXViXDnABeAGQAQGYAYoHoAHYGqoBCzAuMS4xLjUtMS4zuAEDyAEA-AEBmAIEoAKrCMICChAAGLADGNYEGEfCAgoQABiABBhDGIoFwgIFEAAYgASYAwCIBgGQBgi6BgYIARABGBSSBwkxLjEuMS41LTGgB-g4sgcJMC4xLjEuNS0xuAenCA&um=1&ie=UTF-8&fb=1&gl=ph&sa=X&geocode=KfFNaKuuDfkyMUx3_Td91lRI&daddr=512+Mangga,+Juna+Subdivision,+Davao+City,+8000+Davao+del+Sur","Jeepney, Tricycle","MATINA, ULAS, PUAN, TORIL, MINTAL, MAA","Ateneo de Davao University - Matina Campus, World Palace"
,,,,,4,4,,,,,,,,,,,,,,,,,,,,
,,,,,,7,,,,,,,,,,,,,,,,,,,,
6,JMC Events,"Paramount Garden, Riverfront Corporate City, Diversion Road,","Ma-a, Davao City",2000,1,1,Everyday,"Afternoon, Evening","Wi-Fi, Air Conditioning, Security, Parking Spaces, Stage, Sound System, Technical Equipments (Projector, and lighting equipment), Catering/Food, Restrooms","Event planning, Equipment rentals, Decoration services, On-site staff, Technical support",Yes,"PHP 15,000 - PHP 20,000",jmcnbcevents@gmail.com,9072038256,,,https://www.facebook.com/jmceventsplacedavao/,,,"Walk-in (On the counter booking), Phone call, Online booking",1-3 days before,"Cash, Credit/Debit Card","https://www.google.com/maps/dir//Maa+River+Front,+Paramount+complex,+Talomo,+Davao+City,+8000+Davao+del+Sur/@7.1025091,125.51071,12z/data=!4m8!4m7!1m0!1m5!1m1!1s0x32f96dac13a44a97:0x51a46eb3abfbca81!2m2!1d125.5931119!2d7.1025164?entry=ttu&g_ep=EgoyMDI1MDQwMi4xIKXMDSoASAFQAw%3D%3D","Bus, Tricycle","DAVAO - DIVERSION ROAD, MAA",Crocodile Park
,,,,,2,2,,,,,,,,,,,,,,,,,,,,
,,,,,3,3,,,,,,,,,,,,,,,,,,,,
,,,,,,4,,,,,,,,,,,,,,,,,,,,
,,,,,,5,,,,,,,,,,,,,,,,,,,,
7,The View Davao,Magtuod,"Talomo, Davao City",900,1,1,Everyday,"Morning, Afternoon, Evening","Wi-Fi, Air Conditioning, Parking Spaces, Stage, Sound System, Technical Equipments (Projector, and lighting equipment), Restrooms","Event planning, Equipment rentals, Decoration services, On-site staff",Yes,"Above PHP 20,000",,,,,https://www.facebook.com/theviewdavao/,,,"Phone call, Online booking",4-6 days before,"Cash, Credit/Debit Card",https://maps.app.goo.gl/a8twaYRiA4LrWYCw8,Tricycle,DIVERSION ROAD,Crocodile Park
,,,,,2,2,,,,,,,,,,,,,,,,,,,,
,,,,,3,4,,,,,,,,,,,,,,,,,,,,
,,,,,4,5,,,,,,,,,,,,,,,,,,,,
,,,,,,7,,,,,,,,,,,,,,,,,,,,
8,Davao Convention and Trade Center,"Florentino Torres Street,","Bajada, Davao City",2000,1,1,Monday to Saturday,"Morning, Afternoon","Air Conditioning, Security, Parking Spaces, Stage, Sound System, Technical Equipments (Projector, and lighting equipment), Catering/Food, Restrooms","Equipment rentals, Decoration services, On-site staff",Yes,"Above PHP 20,000",davcontc@gmail.com,9209534162,,,https://www.facebook.com/davaoconvention.specialevents/,,davcon.ph,"Phone call, Online booking",1 week before,"Cash, Credit/Debit Card",https://maps.app.goo.gl/XpFTR9htzTHeQNaZ9,"Jeepney, Tricycle","BUHANGIN, CABANTIAN, ROUTE 13, SASA",Davao City National High School
,,,,,2,2,,,,,,,,,,,,,,,,,,,,
,,,,,3,4,,,,,,,,,,,,,,,,,,,,
,,,,,,5,,,,,,,,,,,,,,,,,,,,
9,Rendezvous Event Venue and Buffet,"Bellevue Square Ground Floor Km 7.5 Matina Pangi Along, Davao City Diversion Rd","Talomo, Davao City",70,1,1,Everyday (except Holidays),"Morning, Afternoon, Evening","Wi-Fi, Air Conditioning, Catering/Food, Restrooms","Event planning, Equipment rentals, Decoration services, On-site staff",Yes,"PHP 10,000 - 15,000",evacorcino0906@gmail.com,9201145243,Corcino,Eva,https://www.facebook.com/ByECKING/,,,"Walk-in (On the counter booking), Phone call",1 week before,"Cash, Bank Transfer",https://maps.app.goo.gl/SrcSLEAeiaqbUa9B6,"Jeepney, Tricycle",MATINA PANGI,Bellevue Square
,,,,,,2,,,,,,,,,,,,,,,,,,,,
10,The Courtyard at Chateau Veronica,Araullo Street,"Poblacion District, Davao City",50,1,1,Everyday (except Holidays),"Morning, Afternoon, Evening","Wi-Fi, Parking Spaces, Technical Equipments (Projector, and lighting equipment), Catering/Food, Restrooms","Event planning, Equipment rentals, Decoration services, On-site staff",No,"Above PHP 20,000",info.thecourtyarddavao@gmail.com,,,,https://www.facebook.com/thecourtyardatchateauveronica/,https://www.instagram.com/thecourtyarddavao/,,"Walk-in (On the counter booking), Phone call, Online booking",1 week before,"Cash, Bank Transfer",https://maps.app.goo.gl/wrpcB7ubHP4nCVLL8,"Jeepney, Tricycle","ROUTE 9, ROUTE 13, ROUTE 14",Davao Doctors Hospital
,,,,,4,2,,,,,,,,,,,,,,,,,,,,
,,,,,,7,,,,,,,,,,,,,,,,,,,,
11,Arcadia Event Center,"Col. Emilio Escandor St., Davao Gulf Drive, Ecoland Dr","Talomo, Davao City",100,1,2,Monday to Saturday,"Morning, Afternoon, Evening","Wi-Fi, Air Conditioning, Parking Spaces, Stage, Sound System, Technical Equipments (Projector, and lighting equipment), Catering/Food, Restrooms","Equipment rentals, Decoration services, On-site staff",Yes,"Above PHP 20,000", arcadialifestylecenter@gmail.com,9171330042,,,https://www.facebook.com/eventcenterbyarcadia/,https://www.instagram.com/arcadiaeventcenter/,,"Walk-in (On the counter booking), Phone call, Online booking",4-6 days before,"Cash, Bank Transfer, GCash/PayMaya, Credit/Debit Card",https://maps.app.goo.gl/WSFNHdjU35AKPed48,"Jeepney, Tricycle",MINTAL,SM City Davao
,,,,,2,4,,,,,,,,,,,,,,,,,,,,
,,,,,3,5,,,,,,,,,,,,,,,,,,,,
,,,,,4,7,,,,,,,,,,,,,,,,,,,,
12,SMX Convention Center Meeting Rooms,"3rd Level, SM Lanang Premier, J.P. Laurel Avenue","Lanang, Davao City",250,2,3,Everyday,"Morning, Afternoon, Evening","Wi-Fi, Air Conditioning, Security, Parking Spaces, Sound System, Technical Equipments (Projector, and lighting equipment), Restrooms","Equipment rentals, On-site staff, Technical support",Yes,"PHP 10,000 - 15,000",eventsales@smxcc.com.ph,9175525667,,,https://www.facebook.com/smxccdavao/,,https://www.smxconventioncenter.com/smx-davao/#overview-2,Online booking,1 week before,"Cash, Bank Transfer, Credit/Debit Card",https://maps.app.goo.gl/hQv8qokT7eXGG2cL8,Jeepney,SASA,SM Lanang
,,,,,,4,,,,,,,,,,,,,,,,,,,,
13,SMX Convention Center Function Halls,"3rd Level, SM Lanang Premier, J.P. Laurel Avenue","Lanang, Davao City",5000,2,4,Everyday,"Morning, Afternoon, Evening","Wi-Fi, Air Conditioning, Security, Parking Spaces, Stage, Sound System, Technical Equipments (Projector, and lighting equipment), Restrooms","Equipment rentals, On-site staff, Technical support",Yes,"Above PHP 20,000",eventsales@smxcc.com.ph,9175525667,,,https://www.facebook.com/smxccdavao/,,https://www.smxconventioncenter.com/smx-davao/#overview-2,"Phone call, Online booking",2-3 weeks before,"Cash, Bank Transfer, Credit/Debit Card, Bank Checks",https://maps.app.goo.gl/hQv8qokT7eXGG2cL8,Jeepney,SASA,SM Lanang
,,,,,3,5,,,,,,,,,,,,,,,,,,,,
,,,,,,6,,,,,,,,,,,,,,,,,,,,
14,CAP Auditorium,37 Iñigo Street,"Poblacion District, Davao City",1000,2,4,Everyday,"Morning, Afternoon, Evening","Wi-Fi, Air Conditioning, Parking Spaces, Stage, Sound System, Technical Equipments (Projector, and lighting equipment), Restrooms","Event planning, Equipment rentals, On-site staff",Yes,"Above PHP 20,000",martha_antonio@yahoo.com,823050610,Antonio,Martha,https://www.facebook.com/CAPAndaRizalConvventionCenter/,,,"Walk-in (On the counter booking), Phone call, Third-party event planner",2-3 weeks before,"Cash, Bank Transfer, Credit/Debit Card",https://maps.app.goo.gl/EX6NTWU5MgRdxrCu7,Jeepney,TORIL,University of Mindanao - Bolton Campus
,,,,,3,5,,,,,,,,,,,,,,,,,,,,
15,The Mangroves,"Brgy, Purok San Nicolas Dumalag Coastal Rd","Talomo, Davao City",500,1,1,Everyday,"Morning, Afternoon, Evening","Wi-Fi, Air Conditioning, Security, Parking Spaces, Sound System, Technical Equipments (Projector, and lighting equipment), Catering/Food, Restrooms","Event planning, Equipment rentals, Decoration services, On-site staff",No,"Above PHP 20,000",,9171041491,,,https://www.facebook.com/themangrovesdavao/,,,"Walk-in (On the counter booking), Phone call, Online booking, Third-party event planner",1 week before,"Cash, Bank Transfer, Credit/Debit Card",https://www.facebook.com/themangrovesdavao/,Tricycle,N/A,Statue of David in Coastal Road
,,,,,2,2,,,,,,,,,,,,,,,,,,,,
,,,,,3,4,,,,,,,,,,,,,,,,,,,,
,,,,,4,5,,,,,,,,,,,,,,,,,,,,
,,,,,,6,,,,,,,,,,,,,,,,,,,,
,,,,,,7,,,,,,,,,,,,,,,,,,,,
,,,,,,8,,,,,,,,,,,,,,,,,,,,
